{
	"info": {
		"_postman_id": "f0fea571-e267-4222-997b-0183472a923b",
		"name": "Zai",
		"schema": "https://schema.getpostman.com/json/collection/v2.1.0/collection.json",
		"_exporter_id": "3413709"
	},
	"item": [
		{
			"name": "https://localhost:7058/zai-webhook/batchtransactions-disbursements",
			"request": {
				"method": "POST",
				"header": [
					{
						"key": "Webhooks-signature",
						"value": "t=1697534229,v=FWbVEzPrMK01JhdWYF0qNw5JLB2HnhEpJHNqGRkQ798",
						"type": "text"
					}
				],
				"body": {
					"mode": "raw",
					"raw": "{\r\n    \"batch_transactions\": {\r\n        \"created_at\": \"2023-10-17T09:02:32.473Z\",\r\n        \"updated_at\": \"2023-10-17T09:16:59.846Z\",\r\n        \"id\": \"8d3dd85b-b557-41f8-98bc-6ad2b02fe449\",\r\n        \"account_type\": \"wallet_account\",\r\n        \"type\": \"disbursement\",\r\n        \"type_method\": \"direct_credit\",\r\n        \"batch_id\": 246523,\r\n        \"cuscal_payment_transaction_id\": null,\r\n        \"reference\": \"246523: Guardhouse-Dev\",\r\n        \"deposit_reference\": null,\r\n        \"state\": \"batched\",\r\n        \"status\": 12200,\r\n        \"user_id\": \"211573-Balkar\",\r\n        \"account_id\": \"b8dd6ff0-4e19-013c-42a5-0a58a9feac03\",\r\n        \"amount\": 5011,\r\n        \"currency\": \"AUD\",\r\n        \"debit_credit\": \"credit\",\r\n        \"description\": \"Debit of $50.11 from Wallet Account for Credit of $50.11 to Bank Account\",\r\n        \"related\": {\r\n            \"account_to\": {\r\n                \"id\": \"b9b24f10-4e19-013c-4b18-0a58a9feac03\",\r\n                \"account_type\": \"bank_account\",\r\n                \"user_id\": \"211573-Balkar\"\r\n            }\r\n        },\r\n        \"links\": {\r\n            \"self\": \"/batch_transactions/8d3dd85b-b557-41f8-98bc-6ad2b02fe449\",\r\n            \"users\": \"/batch_transactions/8d3dd85b-b557-41f8-98bc-6ad2b02fe449/users\",\r\n            \"fees\": \"/batch_transactions/8d3dd85b-b557-41f8-98bc-6ad2b02fe449/fees\",\r\n            \"wallet_accounts\": \"/batch_transactions/8d3dd85b-b557-41f8-98bc-6ad2b02fe449/wallet_accounts\",\r\n            \"card_accounts\": \"/batch_transactions/8d3dd85b-b557-41f8-98bc-6ad2b02fe449/card_accounts\",\r\n            \"paypal_accounts\": \"/batch_transactions/8d3dd85b-b557-41f8-98bc-6ad2b02fe449/paypal_accounts\",\r\n            \"bank_accounts\": \"/batch_transactions/8d3dd85b-b557-41f8-98bc-6ad2b02fe449/bank_accounts\",\r\n            \"items\": \"/batch_transactions/8d3dd85b-b557-41f8-98bc-6ad2b02fe449/items\"\r\n        }\r\n    }\r\n}",
					"options": {
						"raw": {
							"language": "json"
						}
					}
				},
				"url": {
					"raw": "https://localhost:7058/zai-webhook/batchtransactions-disbursements",
					"protocol": "https",
					"host": [
						"localhost"
					],
					"port": "7058",
					"path": [
						"zai-webhook",
						"batchtransactions-disbursements"
					]
				}
			},
			"response": []
		}
	]
}